uri	yaml_path	language
https://gedcom.io/exid-type/FamilySearch-MemoryId	uri/exid-types/FamilySearch-MemoryId.yaml	en-US
https://gedcom.io/exid-type/FamilySearch-PersonId	uri/exid-types/FamilySearch-PersonId.yaml	en-US
https://gedcom.io/exid-type/FamilySearch-PlaceId	uri/exid-types/FamilySearch-PlaceId.yaml	en-US
https://gedcom.io/exid-type/FamilySearch-SourceDescriptionId	uri/exid-types/FamilySearch-SourceDescriptionId.yaml	en-US
https://gedcom.io/exid-type/FamilySearch-UserId	uri/exid-types/FamilySearch-UserId.yaml	en-US
https://gedcom.io/terms/v5.5.1/ABBR	structure/standard/ABBR-v551.yaml	en-US
https://gedcom.io/terms/v5.5.1/ADDR	structure/standard/ADDR-v551.yaml	en-US
https://gedcom.io/terms/v5.5.1/ADR1	structure/standard/ADR1-v551.yaml	en-US
https://gedcom.io/terms/v5.5.1/ADR2	structure/standard/ADR2-v551.yaml	en-US
https://gedcom.io/terms/v5.5.1/ADR3	structure/standard/ADR3-v551.yaml	en-US
https://gedcom.io/terms/v5.5.1/AFN	structure/standard/AFN-v551.yaml	en-US
https://gedcom.io/terms/v5.5.1/AGE	structure/standard/AGE-v551.yaml	en-US
https://gedcom.io/terms/v5.5.1/AGNC	structure/standard/AGNC-v551.yaml	en-US
https://gedcom.io/terms/v5.5.1/ALIA	structure/standard/ALIA-v551.yaml	en-US
https://gedcom.io/terms/v5.5.1/ANCE	structure/standard/ANCE-v551.yaml	en-US
https://gedcom.io/terms/v5.5.1/ANCI	structure/standard/ANCI-v551.yaml	en-US
https://gedcom.io/terms/v5.5.1/ANUL	structure/standard/ANUL-v551.yaml	en-US
https://gedcom.io/terms/v5.5.1/ASSO	structure/standard/ASSO-v551.yaml	en-US
https://gedcom.io/terms/v5.5.1/AUTH	structure/standard/AUTH-v551.yaml	en-US
https://gedcom.io/terms/v5.5.1/BAPL	structure/standard/BAPL-v551.yaml	en-US
https://gedcom.io/terms/v5.5.1/BAPM	structure/standard/BAPM-v551.yaml	en-US
https://gedcom.io/terms/v5.5.1/BARM	structure/standard/BARM-v551.yaml	en-US
https://gedcom.io/terms/v5.5.1/BASM	structure/standard/BASM-v551.yaml	en-US
https://gedcom.io/terms/v5.5.1/BIRT	structure/standard/BIRT-v551.yaml	en-US
https://gedcom.io/terms/v5.5.1/BLES	structure/standard/BLES-v551.yaml	en-US
https://gedcom.io/terms/v5.5.1/BURI	structure/standard/BURI-v551.yaml	en-US
https://gedcom.io/terms/v5.5.1/CALN	structure/standard/CALN-v551.yaml	en-US
https://gedcom.io/terms/v5.5.1/CAST	structure/standard/CAST-v551.yaml	en-US
https://gedcom.io/terms/v5.5.1/CAUS	structure/standard/CAUS-v551.yaml	en-US
https://gedcom.io/terms/v5.5.1/CHAN	structure/standard/CHAN-v551.yaml	en-US
https://gedcom.io/terms/v5.5.1/CHAN-DATE	structure/standard/CHAN-DATE-v551.yaml	en-US
https://gedcom.io/terms/v5.5.1/CHAR	structure/standard/CHAR-v551.yaml	en-US
https://gedcom.io/terms/v5.5.1/CHIL	structure/standard/CHIL-v551.yaml	en-US
https://gedcom.io/terms/v5.5.1/CHR	structure/standard/CHR-v551.yaml	en-US
https://gedcom.io/terms/v5.5.1/CHRA	structure/standard/CHRA-v551.yaml	en-US
https://gedcom.io/terms/v5.5.1/CITY	structure/standard/CITY-v551.yaml	en-US
https://gedcom.io/terms/v5.5.1/CONF	structure/standard/CONF-v551.yaml	en-US
https://gedcom.io/terms/v5.5.1/CONL	structure/standard/CONL-v551.yaml	en-US
https://gedcom.io/terms/v5.5.1/CORP	structure/standard/CORP-v551.yaml	en-US
https://gedcom.io/terms/v5.5.1/CREM	structure/standard/CREM-v551.yaml	en-US
https://gedcom.io/terms/v5.5.1/CTRY	structure/standard/CTRY-v551.yaml	en-US
https://gedcom.io/terms/v5.5.1/DATE-CHANGE_DATE	structure/standard/DATE-CHANGE_DATE-v551.yaml	en-US
https://gedcom.io/terms/v5.5.1/DATE-DATE_LDS_ORD	structure/standard/DATE-DATE_LDS_ORD-v551.yaml	en-US
https://gedcom.io/terms/v5.5.1/DATE-DATE_VALUE	structure/standard/DATE-DATE_VALUE-v551.yaml	en-US
https://gedcom.io/terms/v5.5.1/DEAT	structure/standard/DEAT-v551.yaml	en-US
https://gedcom.io/terms/v5.5.1/DESC	structure/standard/DESC-v551.yaml	en-US
https://gedcom.io/terms/v5.5.1/DESI	structure/standard/DESI-v551.yaml	en-US
https://gedcom.io/terms/v5.5.1/DEST	structure/standard/DEST-v551.yaml	en-US
https://gedcom.io/terms/v5.5.1/DIV	structure/standard/DIV-v551.yaml	en-US
https://gedcom.io/terms/v5.5.1/DIVF	structure/standard/DIVF-v551.yaml	en-US
https://gedcom.io/terms/v5.5.1/DSCR	structure/standard/DSCR-v551.yaml	en-US
https://gedcom.io/terms/v5.5.1/EDUC	structure/standard/EDUC-v551.yaml	en-US
https://gedcom.io/terms/v5.5.1/EMAIL	structure/standard/EMAIL-v551.yaml	en-US
https://gedcom.io/terms/v5.5.1/EMIG	structure/standard/EMIG-v551.yaml	en-US
https://gedcom.io/terms/v5.5.1/ENDL	structure/standard/ENDL-v551.yaml	en-US
https://gedcom.io/terms/v5.5.1/ENDL-STAT	structure/standard/ENDL-STAT-v551.yaml	en-US
https://gedcom.io/terms/v5.5.1/ENGA	structure/standard/ENGA-v551.yaml	en-US
https://gedcom.io/terms/v5.5.1/FACT	structure/standard/FACT-v551.yaml	en-US
https://gedcom.io/terms/v5.5.1/FAM-CENS	structure/standard/FAM-CENS-v551.yaml	en-US
https://gedcom.io/terms/v5.5.1/FAM-EVEN	structure/standard/FAM-EVEN-v551.yaml	en-US
https://gedcom.io/terms/v5.5.1/FAM-HUSB	structure/standard/FAM-HUSB-v551.yaml	en-US
https://gedcom.io/terms/v5.5.1/FAM-NCHI	structure/standard/FAM-NCHI-v551.yaml	en-US
https://gedcom.io/terms/v5.5.1/FAM-RESI	structure/standard/FAM-RESI-v551.yaml	en-US
https://gedcom.io/terms/v5.5.1/FAM-WIFE	structure/standard/FAM-WIFE-v551.yaml	en-US
https://gedcom.io/terms/v5.5.1/FAMC-XREF_FAM	structure/standard/FAMC-XREF_FAM-v551.yaml	en-US
https://gedcom.io/terms/v5.5.1/FAMF	structure/standard/FAMF-v551.yaml	en-US
https://gedcom.io/terms/v5.5.1/FAMS	structure/standard/FAMS-v551.yaml	en-US
https://gedcom.io/terms/v5.5.1/FAX	structure/standard/FAX-v551.yaml	en-US
https://gedcom.io/terms/v5.5.1/FCOM	structure/standard/FCOM-v551.yaml	en-US
https://gedcom.io/terms/v5.5.1/FORM-PLACE_HIERARCHY	structure/standard/FORM-PLACE_HIERARCHY-v551.yaml	en-US
https://gedcom.io/terms/v5.5.1/GEDC	structure/standard/GEDC-v551.yaml	en-US
https://gedcom.io/terms/v5.5.1/GEDC-FORM	structure/standard/GEDC-FORM-v551.yaml	en-US
https://gedcom.io/terms/v5.5.1/GIVN	structure/standard/GIVN-v551.yaml	en-US
https://gedcom.io/terms/v5.5.1/GRAD	structure/standard/GRAD-v551.yaml	en-US
https://gedcom.io/terms/v5.5.1/HEAD	structure/standard/HEAD-v551.yaml	en-US
https://gedcom.io/terms/v5.5.1/HEAD-COPR	structure/standard/HEAD-COPR-v551.yaml	en-US
https://gedcom.io/terms/v5.5.1/HEAD-DATE	structure/standard/HEAD-DATE-v551.yaml	en-US
https://gedcom.io/terms/v5.5.1/HEAD-FILE	structure/standard/HEAD-FILE-v551.yaml	en-US
https://gedcom.io/terms/v5.5.1/HEAD-LANG	structure/standard/HEAD-LANG-v551.yaml	en-US
https://gedcom.io/terms/v5.5.1/HEAD-NOTE	structure/standard/HEAD-NOTE-v551.yaml	en-US
https://gedcom.io/terms/v5.5.1/HEAD-PLAC	structure/standard/HEAD-PLAC-v551.yaml	en-US
https://gedcom.io/terms/v5.5.1/HEAD-SOUR	structure/standard/HEAD-SOUR-v551.yaml	en-US
https://gedcom.io/terms/v5.5.1/HEAD-SOUR-DATA	structure/standard/HEAD-SOUR-DATA-v551.yaml	en-US
https://gedcom.io/terms/v5.5.1/HEAD-SOUR-DATA-COPR	structure/standard/HEAD-SOUR-DATA-COPR-v551.yaml	en-US
https://gedcom.io/terms/v5.5.1/HEAD-SOUR-DATA-DATE	structure/standard/HEAD-SOUR-DATA-DATE-v551.yaml	en-US
https://gedcom.io/terms/v5.5.1/HEAD-SOUR-NAME	structure/standard/HEAD-SOUR-NAME-v551.yaml	en-US
https://gedcom.io/terms/v5.5.1/HUSB-NULL	structure/standard/HUSB-NULL-v551.yaml	en-US
https://gedcom.io/terms/v5.5.1/IDNO	structure/standard/IDNO-v551.yaml	en-US
https://gedcom.io/terms/v5.5.1/IMMI	structure/standard/IMMI-v551.yaml	en-US
https://gedcom.io/terms/v5.5.1/INDI-ADOP	structure/standard/INDI-ADOP-v551.yaml	en-US
https://gedcom.io/terms/v5.5.1/INDI-ADOP-FAMC	structure/standard/INDI-ADOP-FAMC-v551.yaml	en-US
https://gedcom.io/terms/v5.5.1/INDI-ADOP-FAMC-ADOP	structure/standard/INDI-ADOP-FAMC-ADOP-v551.yaml	en-US
https://gedcom.io/terms/v5.5.1/INDI-CENS	structure/standard/INDI-CENS-v551.yaml	en-US
https://gedcom.io/terms/v5.5.1/INDI-EVEN	structure/standard/INDI-EVEN-v551.yaml	en-US
https://gedcom.io/terms/v5.5.1/INDI-FAMC	structure/standard/INDI-FAMC-v551.yaml	en-US
https://gedcom.io/terms/v5.5.1/INDI-FAMC-STAT	structure/standard/INDI-FAMC-STAT-v551.yaml	en-US
https://gedcom.io/terms/v5.5.1/INDI-NAME	structure/standard/INDI-NAME-v551.yaml	en-US
https://gedcom.io/terms/v5.5.1/INDI-NAME-FONE	structure/standard/INDI-NAME-FONE-v551.yaml	en-US
https://gedcom.io/terms/v5.5.1/INDI-NAME-ROMN	structure/standard/INDI-NAME-ROMN-v551.yaml	en-US
https://gedcom.io/terms/v5.5.1/INDI-NAME-TYPE	structure/standard/INDI-NAME-TYPE-v551.yaml	en-US
https://gedcom.io/terms/v5.5.1/INDI-NCHI	structure/standard/INDI-NCHI-v551.yaml	en-US
https://gedcom.io/terms/v5.5.1/INDI-RELI	structure/standard/INDI-RELI-v551.yaml	en-US
https://gedcom.io/terms/v5.5.1/INDI-RESI	structure/standard/INDI-RESI-v551.yaml	en-US
https://gedcom.io/terms/v5.5.1/INDI-RFN	structure/standard/INDI-RFN-v551.yaml	en-US
https://gedcom.io/terms/v5.5.1/INDI-TITL	structure/standard/INDI-TITL-v551.yaml	en-US
https://gedcom.io/terms/v5.5.1/LATI	structure/standard/LATI-v551.yaml	en-US
https://gedcom.io/terms/v5.5.1/LONG	structure/standard/LONG-v551.yaml	en-US
https://gedcom.io/terms/v5.5.1/MAP	structure/standard/MAP-v551.yaml	en-US
https://gedcom.io/terms/v5.5.1/MARB	structure/standard/MARB-v551.yaml	en-US
https://gedcom.io/terms/v5.5.1/MARC	structure/standard/MARC-v551.yaml	en-US
https://gedcom.io/terms/v5.5.1/MARL	structure/standard/MARL-v551.yaml	en-US
https://gedcom.io/terms/v5.5.1/MARR	structure/standard/MARR-v551.yaml	en-US
https://gedcom.io/terms/v5.5.1/MARS	structure/standard/MARS-v551.yaml	en-US
https://gedcom.io/terms/v5.5.1/MEDI	structure/standard/MEDI-v551.yaml	en-US
https://gedcom.io/terms/v5.5.1/NATI	structure/standard/NATI-v551.yaml	en-US
https://gedcom.io/terms/v5.5.1/NATU	structure/standard/NATU-v551.yaml	en-US
https://gedcom.io/terms/v5.5.1/NICK	structure/standard/NICK-v551.yaml	en-US
https://gedcom.io/terms/v5.5.1/NMR	structure/standard/NMR-v551.yaml	en-US
https://gedcom.io/terms/v5.5.1/NOTE-SUBMITTER_TEXT_OR_NULL	structure/standard/NOTE-SUBMITTER_TEXT_OR_NULL-v551.yaml	en-US
https://gedcom.io/terms/v5.5.1/NOTE-XREF_NOTE	structure/standard/NOTE-XREF_NOTE-v551.yaml	en-US
https://gedcom.io/terms/v5.5.1/NPFX	structure/standard/NPFX-v551.yaml	en-US
https://gedcom.io/terms/v5.5.1/NSFX	structure/standard/NSFX-v551.yaml	en-US
https://gedcom.io/terms/v5.5.1/OBJE-FILE	structure/standard/OBJE-FILE-v551.yaml	en-US
https://gedcom.io/terms/v5.5.1/OBJE-FILE-FORM	structure/standard/OBJE-FILE-FORM-v551.yaml	en-US
https://gedcom.io/terms/v5.5.1/OBJE-FILE-FORM-TYPE	structure/standard/OBJE-FILE-FORM-TYPE-v551.yaml	en-US
https://gedcom.io/terms/v5.5.1/OBJE-NULL	structure/standard/OBJE-NULL-v551.yaml	en-US
https://gedcom.io/terms/v5.5.1/OBJE-NULL-FILE	structure/standard/OBJE-NULL-FILE-v551.yaml	en-US
https://gedcom.io/terms/v5.5.1/OBJE-NULL-FILE-FORM	structure/standard/OBJE-NULL-FILE-FORM-v551.yaml	en-US
https://gedcom.io/terms/v5.5.1/OBJE-XREF_OBJE	structure/standard/OBJE-XREF_OBJE-v551.yaml	en-US
https://gedcom.io/terms/v5.5.1/OCCU	structure/standard/OCCU-v551.yaml	en-US
https://gedcom.io/terms/v5.5.1/ORDI	structure/standard/ORDI-v551.yaml	en-US
https://gedcom.io/terms/v5.5.1/ORDN	structure/standard/ORDN-v551.yaml	en-US
https://gedcom.io/terms/v5.5.1/PAGE	structure/standard/PAGE-v551.yaml	en-US
https://gedcom.io/terms/v5.5.1/PEDI	structure/standard/PEDI-v551.yaml	en-US
https://gedcom.io/terms/v5.5.1/PHON	structure/standard/PHON-v551.yaml	en-US
https://gedcom.io/terms/v5.5.1/PLAC-PLACE_LIVING_ORDINANCE	structure/standard/PLAC-PLACE_LIVING_ORDINANCE-v551.yaml	en-US
https://gedcom.io/terms/v5.5.1/PLAC-PLACE_NAME	structure/standard/PLAC-PLACE_NAME-v551.yaml	en-US
https://gedcom.io/terms/v5.5.1/PLAC-PLACE_NAME-FONE	structure/standard/PLAC-PLACE_NAME-FONE-v551.yaml	en-US
https://gedcom.io/terms/v5.5.1/PLAC-PLACE_NAME-ROMN	structure/standard/PLAC-PLACE_NAME-ROMN-v551.yaml	en-US
https://gedcom.io/terms/v5.5.1/POST	structure/standard/POST-v551.yaml	en-US
https://gedcom.io/terms/v5.5.1/PROB	structure/standard/PROB-v551.yaml	en-US
https://gedcom.io/terms/v5.5.1/PROP	structure/standard/PROP-v551.yaml	en-US
https://gedcom.io/terms/v5.5.1/PUBL	structure/standard/PUBL-v551.yaml	en-US
https://gedcom.io/terms/v5.5.1/QUAY	structure/standard/QUAY-v551.yaml	en-US
https://gedcom.io/terms/v5.5.1/REFN	structure/standard/REFN-v551.yaml	en-US
https://gedcom.io/terms/v5.5.1/REFN-TYPE	structure/standard/REFN-TYPE-v551.yaml	en-US
https://gedcom.io/terms/v5.5.1/RELA	structure/standard/RELA-v551.yaml	en-US
https://gedcom.io/terms/v5.5.1/RELI-RELIGIOUS_AFFILIATION	structure/standard/RELI-RELIGIOUS_AFFILIATION-v551.yaml	en-US
https://gedcom.io/terms/v5.5.1/REPO-NAME	structure/standard/REPO-NAME-v551.yaml	en-US
https://gedcom.io/terms/v5.5.1/REPO-NULL	structure/standard/REPO-NULL-v551.yaml	en-US
https://gedcom.io/terms/v5.5.1/REPO-XREF_REPO	structure/standard/REPO-XREF_REPO-v551.yaml	en-US
https://gedcom.io/terms/v5.5.1/RESN	structure/standard/RESN-v551.yaml	en-US
https://gedcom.io/terms/v5.5.1/RETI	structure/standard/RETI-v551.yaml	en-US
https://gedcom.io/terms/v5.5.1/RIN	structure/standard/RIN-v551.yaml	en-US
https://gedcom.io/terms/v5.5.1/ROLE	structure/standard/ROLE-v551.yaml	en-US
https://gedcom.io/terms/v5.5.1/SEX	structure/standard/SEX-v551.yaml	en-US
https://gedcom.io/terms/v5.5.1/SLGC	structure/standard/SLGC-v551.yaml	en-US
https://gedcom.io/terms/v5.5.1/SLGC-STAT	structure/standard/SLGC-STAT-v551.yaml	en-US
https://gedcom.io/terms/v5.5.1/SLGS	structure/standard/SLGS-v551.yaml	en-US
https://gedcom.io/terms/v5.5.1/SLGS-STAT	structure/standard/SLGS-STAT-v551.yaml	en-US
https://gedcom.io/terms/v5.5.1/SOUR-DATA	structure/standard/SOUR-DATA-v551.yaml	en-US
https://gedcom.io/terms/v5.5.1/SOUR-DATA-EVEN	structure/standard/SOUR-DATA-EVEN-v551.yaml	en-US
https://gedcom.io/terms/v5.5.1/SOUR-DATA-EVEN-DATE	structure/standard/SOUR-DATA-EVEN-DATE-v551.yaml	en-US
https://gedcom.io/terms/v5.5.1/SOUR-DATA-EVEN-PLAC	structure/standard/SOUR-DATA-EVEN-PLAC-v551.yaml	en-US
https://gedcom.io/terms/v5.5.1/SOUR-SOURCE_DESCRIPTION	structure/standard/SOUR-SOURCE_DESCRIPTION-v551.yaml	en-US
https://gedcom.io/terms/v5.5.1/SOUR-TITL	structure/standard/SOUR-TITL-v551.yaml	en-US
https://gedcom.io/terms/v5.5.1/SOUR-XREF_SOUR	structure/standard/SOUR-XREF_SOUR-v551.yaml	en-US
https://gedcom.io/terms/v5.5.1/SOUR-XREF_SOUR-DATA	structure/standard/SOUR-XREF_SOUR-DATA-v551.yaml	en-US
https://gedcom.io/terms/v5.5.1/SOUR-XREF_SOUR-DATA-DATE	structure/standard/SOUR-XREF_SOUR-DATA-DATE-v551.yaml	en-US
https://gedcom.io/terms/v5.5.1/SOUR-XREF_SOUR-EVEN	structure/standard/SOUR-XREF_SOUR-EVEN-v551.yaml	en-US
https://gedcom.io/terms/v5.5.1/SPFX	structure/standard/SPFX-v551.yaml	en-US
https://gedcom.io/terms/v5.5.1/SSN	structure/standard/SSN-v551.yaml	en-US
https://gedcom.io/terms/v5.5.1/STAE	structure/standard/STAE-v551.yaml	en-US
https://gedcom.io/terms/v5.5.1/STAT-LDS_BAPTISM_DATE_STATUS	structure/standard/STAT-LDS_BAPTISM_DATE_STATUS-v551.yaml	en-US
https://gedcom.io/terms/v5.5.1/SUBM	structure/standard/SUBM-v551.yaml	en-US
https://gedcom.io/terms/v5.5.1/SUBM-LANG	structure/standard/SUBM-LANG-v551.yaml	en-US
https://gedcom.io/terms/v5.5.1/SUBM-NAME	structure/standard/SUBM-NAME-v551.yaml	en-US
https://gedcom.io/terms/v5.5.1/SUBM-RFN	structure/standard/SUBM-RFN-v551.yaml	en-US
https://gedcom.io/terms/v5.5.1/SUBN	structure/standard/SUBN-v551.yaml	en-US
https://gedcom.io/terms/v5.5.1/SURN	structure/standard/SURN-v551.yaml	en-US
https://gedcom.io/terms/v5.5.1/TEMP	structure/standard/TEMP-v551.yaml	en-US
https://gedcom.io/terms/v5.5.1/TEXT	structure/standard/TEXT-v551.yaml	en-US
https://gedcom.io/terms/v5.5.1/TIME	structure/standard/TIME-v551.yaml	en-US
https://gedcom.io/terms/v5.5.1/TITL-DESCRIPTIVE_TITLE	structure/standard/TITL-DESCRIPTIVE_TITLE-v551.yaml	en-US
https://gedcom.io/terms/v5.5.1/TRLR	structure/standard/TRLR-v551.yaml	en-US
https://gedcom.io/terms/v5.5.1/TYPE-EVENT_OR_FACT_CLASSIFICATION	structure/standard/TYPE-EVENT_OR_FACT_CLASSIFICATION-v551.yaml	en-US
https://gedcom.io/terms/v5.5.1/TYPE-PHONETIC_TYPE	structure/standard/TYPE-PHONETIC_TYPE-v551.yaml	en-US
https://gedcom.io/terms/v5.5.1/TYPE-ROMANIZED_TYPE	structure/standard/TYPE-ROMANIZED_TYPE-v551.yaml	en-US
https://gedcom.io/terms/v5.5.1/VERS	structure/standard/VERS-v551.yaml	en-US
https://gedcom.io/terms/v5.5.1/WIFE-NULL	structure/standard/WIFE-NULL-v551.yaml	en-US
https://gedcom.io/terms/v5.5.1/WILL	structure/standard/WILL-v551.yaml	en-US
https://gedcom.io/terms/v5.5.1/WWW	structure/standard/WWW-v551.yaml	en-US
https://gedcom.io/terms/v5.5.1/record-FAM	structure/standard/record-FAM-v551.yaml	en-US
https://gedcom.io/terms/v5.5.1/record-INDI	structure/standard/record-INDI-v551.yaml	en-US
https://gedcom.io/terms/v5.5.1/record-NOTE	structure/standard/record-NOTE-v551.yaml	en-US
https://gedcom.io/terms/v5.5.1/record-OBJE	structure/standard/record-OBJE-v551.yaml	en-US
https://gedcom.io/terms/v5.5.1/record-REPO	structure/standard/record-REPO-v551.yaml	en-US
https://gedcom.io/terms/v5.5.1/record-SOUR	structure/standard/record-SOUR-v551.yaml	en-US
https://gedcom.io/terms/v5.5.1/record-SUBM	structure/standard/record-SUBM-v551.yaml	en-US
https://gedcom.io/terms/v5.5.1/record-SUBN	structure/standard/record-SUBN-v551.yaml	en-US
https://gedcom.io/terms/v5.5.1/type-ADOPTED_BY_WHICH_PARENT	data-type/standard/type-ADOPTED_BY_WHICH_PARENT-v551.yaml	en-US
https://gedcom.io/terms/v5.5.1/type-AGE_AT_EVENT	data-type/standard/type-AGE_AT_EVENT-v551.yaml	en-US
https://gedcom.io/terms/v5.5.1/type-CERTAINTY_ASSESSMENT	data-type/standard/type-CERTAINTY_ASSESSMENT-v551.yaml	en-US
https://gedcom.io/terms/v5.5.1/type-CHARACTER_SET	data-type/standard/type-CHARACTER_SET-v551.yaml	en-US
https://gedcom.io/terms/v5.5.1/type-CHILD_LINKAGE_STATUS	data-type/standard/type-CHILD_LINKAGE_STATUS-v551.yaml	en-US
https://gedcom.io/terms/v5.5.1/type-DATE_EXACT	data-type/standard/type-DATE_EXACT-v551.yaml	en-US
https://gedcom.io/terms/v5.5.1/type-DATE_PERIOD	data-type/standard/type-DATE_PERIOD-v551.yaml	en-US
https://gedcom.io/terms/v5.5.1/type-DATE_VALUE	data-type/standard/type-DATE_VALUE-v551.yaml	en-US
https://gedcom.io/terms/v5.5.1/type-EVENTS_RECORDED	data-type/standard/type-EVENTS_RECORDED-v551.yaml	en-US
https://gedcom.io/terms/v5.5.1/type-GEDCOM_FORM	data-type/standard/type-GEDCOM_FORM-v551.yaml	en-US
https://gedcom.io/terms/v5.5.1/type-LANGUAGE_ID	data-type/standard/type-LANGUAGE_ID-v551.yaml	en-US
https://gedcom.io/terms/v5.5.1/type-LDS_BAPTISM_DATE_STATUS	data-type/standard/type-LDS_BAPTISM_DATE_STATUS-v551.yaml	en-US
https://gedcom.io/terms/v5.5.1/type-LDS_CHILD_SEALING_DATE_STATUS	data-type/standard/type-LDS_CHILD_SEALING_DATE_STATUS-v551.yaml	en-US
https://gedcom.io/terms/v5.5.1/type-LDS_ENDOWMENT_DATE_STATUS	data-type/standard/type-LDS_ENDOWMENT_DATE_STATUS-v551.yaml	en-US
https://gedcom.io/terms/v5.5.1/type-LDS_SPOUSE_SEALING_DATE_STATUS	data-type/standard/type-LDS_SPOUSE_SEALING_DATE_STATUS-v551.yaml	en-US
https://gedcom.io/terms/v5.5.1/type-MULTIMEDIA_FORMAT	data-type/standard/type-MULTIMEDIA_FORMAT-v551.yaml	en-US
https://gedcom.io/terms/v5.5.1/type-NAME_PERSONAL	data-type/standard/type-NAME_PERSONAL-v551.yaml	en-US
https://gedcom.io/terms/v5.5.1/type-NAME_PIECE_GIVEN	data-type/standard/type-NAME_PIECE_GIVEN-v551.yaml	en-US
https://gedcom.io/terms/v5.5.1/type-NAME_PIECE_NICKNAME	data-type/standard/type-NAME_PIECE_NICKNAME-v551.yaml	en-US
https://gedcom.io/terms/v5.5.1/type-NAME_PIECE_PREFIX	data-type/standard/type-NAME_PIECE_PREFIX-v551.yaml	en-US
https://gedcom.io/terms/v5.5.1/type-NAME_PIECE_SUFFIX	data-type/standard/type-NAME_PIECE_SUFFIX-v551.yaml	en-US
https://gedcom.io/terms/v5.5.1/type-NAME_PIECE_SURNAME	data-type/standard/type-NAME_PIECE_SURNAME-v551.yaml	en-US
https://gedcom.io/terms/v5.5.1/type-NAME_PIECE_SURNAME_PREFIX	data-type/standard/type-NAME_PIECE_SURNAME_PREFIX-v551.yaml	en-US
https://gedcom.io/terms/v5.5.1/type-ORDINANCE_PROCESS_FLAG	data-type/standard/type-ORDINANCE_PROCESS_FLAG-v551.yaml	en-US
https://gedcom.io/terms/v5.5.1/type-PEDIGREE_LINKAGE_TYPE	data-type/standard/type-PEDIGREE_LINKAGE_TYPE-v551.yaml	en-US
https://gedcom.io/terms/v5.5.1/type-PERMANENT_RECORD_FILE_NUMBER	data-type/standard/type-PERMANENT_RECORD_FILE_NUMBER-v551.yaml	en-US
https://gedcom.io/terms/v5.5.1/type-PLACE_NAME	data-type/standard/type-PLACE_NAME-v551.yaml	en-US
https://gedcom.io/terms/v5.5.1/type-RESTRICTION_NOTICE	data-type/standard/type-RESTRICTION_NOTICE-v551.yaml	en-US
https://gedcom.io/terms/v5.5.1/type-SOURCE_MEDIA_TYPE	data-type/standard/type-SOURCE_MEDIA_TYPE-v551.yaml	en-US
https://gedcom.io/terms/v5.5.1/type-TIME_VALUE	data-type/standard/type-TIME_VALUE-v551.yaml	en-US
https://gedcom.io/terms/v7.1/record-REPO	structure/standard/record-REPO-v71.yaml	en-US
https://gedcom.io/terms/v7.1/record-SNOTE	structure/standard/record-SNOTE-v71.yaml	en-US
https://gedcom.io/terms/v7.1/record-SOUR	structure/standard/record-SOUR-v71.yaml	en-US
https://gedcom.io/terms/v7.1/record-SUBM	structure/standard/record-SUBM-v71.yaml	en-US
https://gedcom.io/terms/v7/ABBR	structure/standard/ABBR.yaml	en-US
https://gedcom.io/terms/v7/ADDR	structure/standard/ADDR.yaml	en-US
https://gedcom.io/terms/v7/ADOP	structure/standard/ADOP.yaml	en-US
https://gedcom.io/terms/v7/ADOP-FAMC	structure/standard/ADOP-FAMC.yaml	en-US
https://gedcom.io/terms/v7/ADR1	structure/standard/ADR1.yaml	en-US
https://gedcom.io/terms/v7/ADR2	structure/standard/ADR2.yaml	en-US
https://gedcom.io/terms/v7/ADR3	structure/standard/ADR3.yaml	en-US
https://gedcom.io/terms/v7/AFN	uri/exid-types/AFN.yaml	en-US
https://gedcom.io/terms/v7/AGE	structure/standard/AGE.yaml	en-US
https://gedcom.io/terms/v7/AGNC	structure/standard/AGNC.yaml	en-US
https://gedcom.io/terms/v7/ALIA	structure/standard/ALIA.yaml	en-US
https://gedcom.io/terms/v7/ANCI	structure/standard/ANCI.yaml	en-US
https://gedcom.io/terms/v7/ANUL	structure/standard/ANUL.yaml	en-US
https://gedcom.io/terms/v7/ASSO	structure/standard/ASSO.yaml	en-US
https://gedcom.io/terms/v7/AUTH	structure/standard/AUTH.yaml	en-US
https://gedcom.io/terms/v7/BAPL	structure/standard/BAPL.yaml	en-US
https://gedcom.io/terms/v7/BAPM	structure/standard/BAPM.yaml	en-US
https://gedcom.io/terms/v7/BARM	structure/standard/BARM.yaml	en-US
https://gedcom.io/terms/v7/BASM	structure/standard/BASM.yaml	en-US
https://gedcom.io/terms/v7/BIRT	structure/standard/BIRT.yaml	en-US
https://gedcom.io/terms/v7/BLES	structure/standard/BLES.yaml	en-US
https://gedcom.io/terms/v7/BURI	structure/standard/BURI.yaml	en-US
https://gedcom.io/terms/v7/CALN	structure/standard/CALN.yaml	en-US
https://gedcom.io/terms/v7/CAST	structure/standard/CAST.yaml	en-US
https://gedcom.io/terms/v7/CAUS	structure/standard/CAUS.yaml	en-US
https://gedcom.io/terms/v7/CHAN	structure/standard/CHAN.yaml	en-US
https://gedcom.io/terms/v7/CHIL	structure/standard/CHIL.yaml	en-US
https://gedcom.io/terms/v7/CHR	structure/standard/CHR.yaml	en-US
https://gedcom.io/terms/v7/CHRA	structure/standard/CHRA.yaml	en-US
https://gedcom.io/terms/v7/CITY	structure/standard/CITY.yaml	en-US
https://gedcom.io/terms/v7/CONF	structure/standard/CONF.yaml	en-US
https://gedcom.io/terms/v7/CONL	structure/standard/CONL.yaml	en-US
https://gedcom.io/terms/v7/CONT	structure/standard/CONT.yaml	en-US
https://gedcom.io/terms/v7/COPR	structure/standard/COPR.yaml	en-US
https://gedcom.io/terms/v7/CORP	structure/standard/CORP.yaml	en-US
https://gedcom.io/terms/v7/CREA	structure/standard/CREA.yaml	en-US
https://gedcom.io/terms/v7/CREM	structure/standard/CREM.yaml	en-US
https://gedcom.io/terms/v7/CROP	structure/standard/CROP.yaml	en-US
https://gedcom.io/terms/v7/CTRY	structure/standard/CTRY.yaml	en-US
https://gedcom.io/terms/v7/DATA	structure/standard/DATA.yaml	en-US
https://gedcom.io/terms/v7/DATA-EVEN	structure/standard/DATA-EVEN.yaml	en-US
https://gedcom.io/terms/v7/DATA-EVEN-DATE	structure/standard/DATA-EVEN-DATE.yaml	en-US
https://gedcom.io/terms/v7/DATE	structure/standard/DATE.yaml	en-US
https://gedcom.io/terms/v7/DATE-exact	structure/standard/DATE-exact.yaml	en-US
https://gedcom.io/terms/v7/DEAT	structure/standard/DEAT.yaml	en-US
https://gedcom.io/terms/v7/DESI	structure/standard/DESI.yaml	en-US
https://gedcom.io/terms/v7/DEST	structure/standard/DEST.yaml	en-US
https://gedcom.io/terms/v7/DIV	structure/standard/DIV.yaml	en-US
https://gedcom.io/terms/v7/DIVF	structure/standard/DIVF.yaml	en-US
https://gedcom.io/terms/v7/DSCR	structure/standard/DSCR.yaml	en-US
https://gedcom.io/terms/v7/EDUC	structure/standard/EDUC.yaml	en-US
https://gedcom.io/terms/v7/EMAIL	structure/standard/EMAIL.yaml	en-US
https://gedcom.io/terms/v7/EMIG	structure/standard/EMIG.yaml	en-US
https://gedcom.io/terms/v7/ENDL	structure/standard/ENDL.yaml	en-US
https://gedcom.io/terms/v7/ENGA	structure/standard/ENGA.yaml	en-US
https://gedcom.io/terms/v7/EXID	structure/standard/EXID.yaml	en-US
https://gedcom.io/terms/v7/EXID-TYPE	structure/standard/EXID-TYPE.yaml	en-US
https://gedcom.io/terms/v7/FAM-CENS	structure/standard/FAM-CENS.yaml	en-US
https://gedcom.io/terms/v7/FAM-EVEN	structure/standard/FAM-EVEN.yaml	en-US
https://gedcom.io/terms/v7/FAM-FACT	structure/standard/FAM-FACT.yaml	en-US
https://gedcom.io/terms/v7/FAM-HUSB	structure/standard/FAM-HUSB.yaml	en-US
https://gedcom.io/terms/v7/FAM-NCHI	structure/standard/FAM-NCHI.yaml	en-US
https://gedcom.io/terms/v7/FAM-RESI	structure/standard/FAM-RESI.yaml	en-US
https://gedcom.io/terms/v7/FAM-WIFE	structure/standard/FAM-WIFE.yaml	en-US
https://gedcom.io/terms/v7/FAMC	structure/standard/FAMC.yaml	en-US
https://gedcom.io/terms/v7/FAMC-ADOP	structure/standard/FAMC-ADOP.yaml	en-US
https://gedcom.io/terms/v7/FAMC-STAT	structure/standard/FAMC-STAT.yaml	en-US
https://gedcom.io/terms/v7/FAMS	structure/standard/FAMS.yaml	en-US
https://gedcom.io/terms/v7/FAX	structure/standard/FAX.yaml	en-US
https://gedcom.io/terms/v7/FCOM	structure/standard/FCOM.yaml	en-US
https://gedcom.io/terms/v7/FILE	structure/standard/FILE.yaml	en-US
https://gedcom.io/terms/v7/FILE-TRAN	structure/standard/FILE-TRAN.yaml	en-US
https://gedcom.io/terms/v7/FORM	structure/standard/FORM.yaml	en-US
https://gedcom.io/terms/v7/GEDC	structure/standard/GEDC.yaml	en-US
https://gedcom.io/terms/v7/GEDC-VERS	structure/standard/GEDC-VERS.yaml	en-US
https://gedcom.io/terms/v7/GIVN	structure/standard/GIVN.yaml	en-US
https://gedcom.io/terms/v7/GRAD	structure/standard/GRAD.yaml	en-US
https://gedcom.io/terms/v7/HEAD	structure/standard/HEAD.yaml	en-US
https://gedcom.io/terms/v7/HEAD-DATE	structure/standard/HEAD-DATE.yaml	en-US
https://gedcom.io/terms/v7/HEAD-LANG	structure/standard/HEAD-LANG.yaml	en-US
https://gedcom.io/terms/v7/HEAD-PLAC	structure/standard/HEAD-PLAC.yaml	en-US
https://gedcom.io/terms/v7/HEAD-PLAC-FORM	structure/standard/HEAD-PLAC-FORM.yaml	en-US
https://gedcom.io/terms/v7/HEAD-SOUR	structure/standard/HEAD-SOUR.yaml	en-US
https://gedcom.io/terms/v7/HEAD-SOUR-DATA	structure/standard/HEAD-SOUR-DATA.yaml	en-US
https://gedcom.io/terms/v7/HEIGHT	structure/standard/HEIGHT.yaml	en-US
https://gedcom.io/terms/v7/HUSB	structure/standard/HUSB.yaml	en-US
https://gedcom.io/terms/v7/IDNO	structure/standard/IDNO.yaml	en-US
https://gedcom.io/terms/v7/IMMI	structure/standard/IMMI.yaml	en-US
https://gedcom.io/terms/v7/INDI-CENS	structure/standard/INDI-CENS.yaml	en-US
https://gedcom.io/terms/v7/INDI-EVEN	structure/standard/INDI-EVEN.yaml	en-US
https://gedcom.io/terms/v7/INDI-FACT	structure/standard/INDI-FACT.yaml	en-US
https://gedcom.io/terms/v7/INDI-FAMC	structure/standard/INDI-FAMC.yaml	en-US
https://gedcom.io/terms/v7/INDI-NAME	structure/standard/INDI-NAME.yaml	en-US
https://gedcom.io/terms/v7/INDI-NCHI	structure/standard/INDI-NCHI.yaml	en-US
https://gedcom.io/terms/v7/INDI-RELI	structure/standard/INDI-RELI.yaml	en-US
https://gedcom.io/terms/v7/INDI-RESI	structure/standard/INDI-RESI.yaml	en-US
https://gedcom.io/terms/v7/INDI-TITL	structure/standard/INDI-TITL.yaml	en-US
https://gedcom.io/terms/v7/INIL	structure/standard/INIL.yaml	en-US
https://gedcom.io/terms/v7/LANG	structure/standard/LANG.yaml	en-US
https://gedcom.io/terms/v7/LATI	structure/standard/LATI.yaml	en-US
https://gedcom.io/terms/v7/LEFT	structure/standard/LEFT.yaml	en-US
https://gedcom.io/terms/v7/LONG	structure/standard/LONG.yaml	en-US
https://gedcom.io/terms/v7/MAP	structure/standard/MAP.yaml	en-US
https://gedcom.io/terms/v7/MARB	structure/standard/MARB.yaml	en-US
https://gedcom.io/terms/v7/MARC	structure/standard/MARC.yaml	en-US
https://gedcom.io/terms/v7/MARL	structure/standard/MARL.yaml	en-US
https://gedcom.io/terms/v7/MARR	structure/standard/MARR.yaml	en-US
https://gedcom.io/terms/v7/MARS	structure/standard/MARS.yaml	en-US
https://gedcom.io/terms/v7/MEDI	structure/standard/MEDI.yaml	en-US
https://gedcom.io/terms/v7/MIME	structure/standard/MIME.yaml	en-US
https://gedcom.io/terms/v7/NAME	structure/standard/NAME.yaml	en-US
https://gedcom.io/terms/v7/NAME-TRAN	structure/standard/NAME-TRAN.yaml	en-US
https://gedcom.io/terms/v7/NAME-TYPE	structure/standard/NAME-TYPE.yaml	en-US
https://gedcom.io/terms/v7/NATI	structure/standard/NATI.yaml	en-US
https://gedcom.io/terms/v7/NATU	structure/standard/NATU.yaml	en-US
https://gedcom.io/terms/v7/NICK	structure/standard/NICK.yaml	en-US
https://gedcom.io/terms/v7/NMR	structure/standard/NMR.yaml	en-US
https://gedcom.io/terms/v7/NO	structure/standard/NO.yaml	en-US
https://gedcom.io/terms/v7/NO-DATE	structure/standard/NO-DATE.yaml	en-US
https://gedcom.io/terms/v7/NOTE	structure/standard/NOTE.yaml	en-US
https://gedcom.io/terms/v7/NOTE-TRAN	structure/standard/NOTE-TRAN.yaml	en-US
https://gedcom.io/terms/v7/NPFX	structure/standard/NPFX.yaml	en-US
https://gedcom.io/terms/v7/NSFX	structure/standard/NSFX.yaml	en-US
https://gedcom.io/terms/v7/OBJE	structure/standard/OBJE.yaml	en-US
https://gedcom.io/terms/v7/OCCU	structure/standard/OCCU.yaml	en-US
https://gedcom.io/terms/v7/ORDN	structure/standard/ORDN.yaml	en-US
https://gedcom.io/terms/v7/PAGE	structure/standard/PAGE.yaml	en-US
https://gedcom.io/terms/v7/PEDI	structure/standard/PEDI.yaml	en-US
https://gedcom.io/terms/v7/PHON	structure/standard/PHON.yaml	en-US
https://gedcom.io/terms/v7/PHRASE	structure/standard/PHRASE.yaml	en-US
https://gedcom.io/terms/v7/PLAC	structure/standard/PLAC.yaml	en-US
https://gedcom.io/terms/v7/PLAC-FORM	structure/standard/PLAC-FORM.yaml	en-US
https://gedcom.io/terms/v7/PLAC-TRAN	structure/standard/PLAC-TRAN.yaml	en-US
https://gedcom.io/terms/v7/POST	structure/standard/POST.yaml	en-US
https://gedcom.io/terms/v7/PROB	structure/standard/PROB.yaml	en-US
https://gedcom.io/terms/v7/PROP	structure/standard/PROP.yaml	en-US
https://gedcom.io/terms/v7/PUBL	structure/standard/PUBL.yaml	en-US
https://gedcom.io/terms/v7/QUAY	structure/standard/QUAY.yaml	en-US
https://gedcom.io/terms/v7/REFN	structure/standard/REFN.yaml	en-US
https://gedcom.io/terms/v7/RELI	structure/standard/RELI.yaml	en-US
https://gedcom.io/terms/v7/REPO	structure/standard/REPO.yaml	en-US
https://gedcom.io/terms/v7/RESN	structure/standard/RESN.yaml	en-US
https://gedcom.io/terms/v7/RETI	structure/standard/RETI.yaml	en-US
https://gedcom.io/terms/v7/RFN	uri/exid-types/RFN.yaml	en-US
https://gedcom.io/terms/v7/RIN	uri/exid-types/RIN.yaml	en-US
https://gedcom.io/terms/v7/ROLE	structure/standard/ROLE.yaml	en-US
https://gedcom.io/terms/v7/SCHMA	structure/standard/SCHMA.yaml	en-US
https://gedcom.io/terms/v7/SDATE	structure/standard/SDATE.yaml	en-US
https://gedcom.io/terms/v7/SEX	structure/standard/SEX.yaml	en-US
https://gedcom.io/terms/v7/SLGC	structure/standard/SLGC.yaml	en-US
https://gedcom.io/terms/v7/SLGS	structure/standard/SLGS.yaml	en-US
https://gedcom.io/terms/v7/SNOTE	structure/standard/SNOTE.yaml	en-US
https://gedcom.io/terms/v7/SOUR	structure/standard/SOUR.yaml	en-US
https://gedcom.io/terms/v7/SOUR-DATA	structure/standard/SOUR-DATA.yaml	en-US
https://gedcom.io/terms/v7/SOUR-EVEN	structure/standard/SOUR-EVEN.yaml	en-US
https://gedcom.io/terms/v7/SPFX	structure/standard/SPFX.yaml	en-US
https://gedcom.io/terms/v7/SSN	structure/standard/SSN.yaml	en-US
https://gedcom.io/terms/v7/STAE	structure/standard/STAE.yaml	en-US
https://gedcom.io/terms/v7/SUBM	structure/standard/SUBM.yaml	en-US
https://gedcom.io/terms/v7/SUBM-LANG	structure/standard/SUBM-LANG.yaml	en-US
https://gedcom.io/terms/v7/SURN	structure/standard/SURN.yaml	en-US
https://gedcom.io/terms/v7/TAG	structure/standard/TAG.yaml	en-US
https://gedcom.io/terms/v7/TEMP	structure/standard/TEMP.yaml	en-US
https://gedcom.io/terms/v7/TEXT	structure/standard/TEXT.yaml	en-US
https://gedcom.io/terms/v7/TIME	structure/standard/TIME.yaml	en-US
https://gedcom.io/terms/v7/TITL	structure/standard/TITL.yaml	en-US
https://gedcom.io/terms/v7/TOP	structure/standard/TOP.yaml	en-US
https://gedcom.io/terms/v7/TRLR	structure/standard/TRLR.yaml	en-US
https://gedcom.io/terms/v7/TYPE	structure/standard/TYPE.yaml	en-US
https://gedcom.io/terms/v7/UID	structure/standard/UID.yaml	en-US
https://gedcom.io/terms/v7/VERS	structure/standard/VERS.yaml	en-US
https://gedcom.io/terms/v7/WIDTH	structure/standard/WIDTH.yaml	en-US
https://gedcom.io/terms/v7/WIFE	structure/standard/WIFE.yaml	en-US
https://gedcom.io/terms/v7/WILL	structure/standard/WILL.yaml	en-US
https://gedcom.io/terms/v7/WWW	structure/standard/WWW.yaml	en-US
https://gedcom.io/terms/v7/cal-FRENCH_R	calendar/standard/cal-FRENCH_R.yaml	en-US
https://gedcom.io/terms/v7/cal-GREGORIAN	calendar/standard/cal-GREGORIAN.yaml	en-US
https://gedcom.io/terms/v7/cal-HEBREW	calendar/standard/cal-HEBREW.yaml	en-US
https://gedcom.io/terms/v7/cal-JULIAN	calendar/standard/cal-JULIAN.yaml	en-US
https://gedcom.io/terms/v7/enum-0	enumeration/standard/enum-0.yaml	en-US
https://gedcom.io/terms/v7/enum-1	enumeration/standard/enum-1.yaml	en-US
https://gedcom.io/terms/v7/enum-2	enumeration/standard/enum-2.yaml	en-US
https://gedcom.io/terms/v7/enum-3	enumeration/standard/enum-3.yaml	en-US
https://gedcom.io/terms/v7/enum-ADOP-HUSB	enumeration/standard/enum-ADOP-HUSB.yaml	en-US
https://gedcom.io/terms/v7/enum-ADOP-WIFE	enumeration/standard/enum-ADOP-WIFE.yaml	en-US
https://gedcom.io/terms/v7/enum-ADOPTED	enumeration/standard/enum-ADOPTED.yaml	en-US
https://gedcom.io/terms/v7/enum-AKA	enumeration/standard/enum-AKA.yaml	en-US
https://gedcom.io/terms/v7/enum-AUDIO	enumeration/standard/enum-AUDIO.yaml	en-US
https://gedcom.io/terms/v7/enum-BIC	enumeration/standard/enum-BIC.yaml	en-US
https://gedcom.io/terms/v7/enum-BIRTH	enumeration/standard/enum-BIRTH.yaml	en-US
https://gedcom.io/terms/v7/enum-BOOK	enumeration/standard/enum-BOOK.yaml	en-US
https://gedcom.io/terms/v7/enum-BOTH	enumeration/standard/enum-BOTH.yaml	en-US
https://gedcom.io/terms/v7/enum-CANCELED	enumeration/standard/enum-CANCELED.yaml	en-US
https://gedcom.io/terms/v7/enum-CARD	enumeration/standard/enum-CARD.yaml	en-US
https://gedcom.io/terms/v7/enum-CENS	enumeration/standard/enum-CENS.yaml	en-US
https://gedcom.io/terms/v7/enum-CHALLENGED	enumeration/standard/enum-CHALLENGED.yaml	en-US
https://gedcom.io/terms/v7/enum-CHIL	enumeration/standard/enum-CHIL.yaml	en-US
https://gedcom.io/terms/v7/enum-CHILD	enumeration/standard/enum-CHILD.yaml	en-US
https://gedcom.io/terms/v7/enum-CLERGY	enumeration/standard/enum-CLERGY.yaml	en-US
https://gedcom.io/terms/v7/enum-COMPLETED	enumeration/standard/enum-COMPLETED.yaml	en-US
https://gedcom.io/terms/v7/enum-CONFIDENTIAL	enumeration/standard/enum-CONFIDENTIAL.yaml	en-US
https://gedcom.io/terms/v7/enum-DISPROVEN	enumeration/standard/enum-DISPROVEN.yaml	en-US
https://gedcom.io/terms/v7/enum-DNS	enumeration/standard/enum-DNS.yaml	en-US
https://gedcom.io/terms/v7/enum-DNS_CAN	enumeration/standard/enum-DNS_CAN.yaml	en-US
https://gedcom.io/terms/v7/enum-ELECTRONIC	enumeration/standard/enum-ELECTRONIC.yaml	en-US
https://gedcom.io/terms/v7/enum-EVEN	enumeration/standard/enum-EVEN.yaml	en-US
https://gedcom.io/terms/v7/enum-EXCLUDED	enumeration/standard/enum-EXCLUDED.yaml	en-US
https://gedcom.io/terms/v7/enum-F	enumeration/standard/enum-F.yaml	en-US
https://gedcom.io/terms/v7/enum-FACT	enumeration/standard/enum-FACT.yaml	en-US
https://gedcom.io/terms/v7/enum-FATH	enumeration/standard/enum-FATH.yaml	en-US
https://gedcom.io/terms/v7/enum-FICHE	enumeration/standard/enum-FICHE.yaml	en-US
https://gedcom.io/terms/v7/enum-FILM	enumeration/standard/enum-FILM.yaml	en-US
https://gedcom.io/terms/v7/enum-FOSTER	enumeration/standard/enum-FOSTER.yaml	en-US
https://gedcom.io/terms/v7/enum-FRIEND	enumeration/standard/enum-FRIEND.yaml	en-US
https://gedcom.io/terms/v7/enum-GODP	enumeration/standard/enum-GODP.yaml	en-US
https://gedcom.io/terms/v7/enum-HUSB	enumeration/standard/enum-HUSB.yaml	en-US
https://gedcom.io/terms/v7/enum-IMMIGRANT	enumeration/standard/enum-IMMIGRANT.yaml	en-US
https://gedcom.io/terms/v7/enum-INFANT	enumeration/standard/enum-INFANT.yaml	en-US
https://gedcom.io/terms/v7/enum-LOCKED	enumeration/standard/enum-LOCKED.yaml	en-US
https://gedcom.io/terms/v7/enum-M	enumeration/standard/enum-M.yaml	en-US
https://gedcom.io/terms/v7/enum-MAGAZINE	enumeration/standard/enum-MAGAZINE.yaml	en-US
https://gedcom.io/terms/v7/enum-MAIDEN	enumeration/standard/enum-MAIDEN.yaml	en-US
https://gedcom.io/terms/v7/enum-MANUSCRIPT	enumeration/standard/enum-MANUSCRIPT.yaml	en-US
https://gedcom.io/terms/v7/enum-MAP	enumeration/standard/enum-MAP.yaml	en-US
https://gedcom.io/terms/v7/enum-MARRIED	enumeration/standard/enum-MARRIED.yaml	en-US
https://gedcom.io/terms/v7/enum-MOTH	enumeration/standard/enum-MOTH.yaml	en-US
https://gedcom.io/terms/v7/enum-MULTIPLE	enumeration/standard/enum-MULTIPLE.yaml	en-US
https://gedcom.io/terms/v7/enum-NCHI	enumeration/standard/enum-NCHI.yaml	en-US
https://gedcom.io/terms/v7/enum-NEWSPAPER	enumeration/standard/enum-NEWSPAPER.yaml	en-US
https://gedcom.io/terms/v7/enum-NGHBR	enumeration/standard/enum-NGHBR.yaml	en-US
https://gedcom.io/terms/v7/enum-OFFICIATOR	enumeration/standard/enum-OFFICIATOR.yaml	en-US
https://gedcom.io/terms/v7/enum-OTHER	enumeration/standard/enum-OTHER.yaml	en-US
https://gedcom.io/terms/v7/enum-PARENT	enumeration/standard/enum-PARENT.yaml	en-US
https://gedcom.io/terms/v7/enum-PHOTO	enumeration/standard/enum-PHOTO.yaml	en-US
https://gedcom.io/terms/v7/enum-PRE_1970	enumeration/standard/enum-PRE_1970.yaml	en-US
https://gedcom.io/terms/v7/enum-PRIVACY	enumeration/standard/enum-PRIVACY.yaml	en-US
https://gedcom.io/terms/v7/enum-PROFESSIONAL	enumeration/standard/enum-PROFESSIONAL.yaml	en-US
https://gedcom.io/terms/v7/enum-PROVEN	enumeration/standard/enum-PROVEN.yaml	en-US
https://gedcom.io/terms/v7/enum-RESI	enumeration/standard/enum-RESI.yaml	en-US
https://gedcom.io/terms/v7/enum-SEALING	enumeration/standard/enum-SEALING.yaml	en-US
https://gedcom.io/terms/v7/enum-SPOU	enumeration/standard/enum-SPOU.yaml	en-US
https://gedcom.io/terms/v7/enum-STILLBORN	enumeration/standard/enum-STILLBORN.yaml	en-US
https://gedcom.io/terms/v7/enum-SUBMITTED	enumeration/standard/enum-SUBMITTED.yaml	en-US
https://gedcom.io/terms/v7/enum-TOMBSTONE	enumeration/standard/enum-TOMBSTONE.yaml	en-US
https://gedcom.io/terms/v7/enum-U	enumeration/standard/enum-U.yaml	en-US
https://gedcom.io/terms/v7/enum-UNCLEARED	enumeration/standard/enum-UNCLEARED.yaml	en-US
https://gedcom.io/terms/v7/enum-VIDEO	enumeration/standard/enum-VIDEO.yaml	en-US
https://gedcom.io/terms/v7/enum-WIFE	enumeration/standard/enum-WIFE.yaml	en-US
https://gedcom.io/terms/v7/enum-WITN	enumeration/standard/enum-WITN.yaml	en-US
https://gedcom.io/terms/v7/enum-X	enumeration/standard/enum-X.yaml	en-US
https://gedcom.io/terms/v7/enumset-ADOP	enumeration-set/standard/enumset-ADOP.yaml	en-US
https://gedcom.io/terms/v7/enumset-EVEN	enumeration-set/standard/enumset-EVEN.yaml	en-US
https://gedcom.io/terms/v7/enumset-EVENATTR	enumeration-set/standard/enumset-EVENATTR.yaml	en-US
https://gedcom.io/terms/v7/enumset-FAMC-STAT	enumeration-set/standard/enumset-FAMC-STAT.yaml	en-US
https://gedcom.io/terms/v7/enumset-MEDI	enumeration-set/standard/enumset-MEDI.yaml	en-US
https://gedcom.io/terms/v7/enumset-NAME-TYPE	enumeration-set/standard/enumset-NAME-TYPE.yaml	en-US
https://gedcom.io/terms/v7/enumset-PEDI	enumeration-set/standard/enumset-PEDI.yaml	en-US
https://gedcom.io/terms/v7/enumset-QUAY	enumeration-set/standard/enumset-QUAY.yaml	en-US
https://gedcom.io/terms/v7/enumset-RESN	enumeration-set/standard/enumset-RESN.yaml	en-US
https://gedcom.io/terms/v7/enumset-ROLE	enumeration-set/standard/enumset-ROLE.yaml	en-US
https://gedcom.io/terms/v7/enumset-SEX	enumeration-set/standard/enumset-SEX.yaml	en-US
https://gedcom.io/terms/v7/enumset-ord-STAT	enumeration-set/standard/enumset-ord-STAT.yaml	en-US
https://gedcom.io/terms/v7/month-AAV	month/standard/month-AAV.yaml	en-US
https://gedcom.io/terms/v7/month-ADR	month/standard/month-ADR.yaml	en-US
https://gedcom.io/terms/v7/month-ADS	month/standard/month-ADS.yaml	en-US
https://gedcom.io/terms/v7/month-APR	month/standard/month-APR.yaml	en-US
https://gedcom.io/terms/v7/month-AUG	month/standard/month-AUG.yaml	en-US
https://gedcom.io/terms/v7/month-BRUM	month/standard/month-BRUM.yaml	en-US
https://gedcom.io/terms/v7/month-COMP	month/standard/month-COMP.yaml	en-US
https://gedcom.io/terms/v7/month-CSH	month/standard/month-CSH.yaml	en-US
https://gedcom.io/terms/v7/month-DEC	month/standard/month-DEC.yaml	en-US
https://gedcom.io/terms/v7/month-ELL	month/standard/month-ELL.yaml	en-US
https://gedcom.io/terms/v7/month-FEB	month/standard/month-FEB.yaml	en-US
https://gedcom.io/terms/v7/month-FLOR	month/standard/month-FLOR.yaml	en-US
https://gedcom.io/terms/v7/month-FRIM	month/standard/month-FRIM.yaml	en-US
https://gedcom.io/terms/v7/month-FRUC	month/standard/month-FRUC.yaml	en-US
https://gedcom.io/terms/v7/month-GERM	month/standard/month-GERM.yaml	en-US
https://gedcom.io/terms/v7/month-IYR	month/standard/month-IYR.yaml	en-US
https://gedcom.io/terms/v7/month-JAN	month/standard/month-JAN.yaml	en-US
https://gedcom.io/terms/v7/month-JUL	month/standard/month-JUL.yaml	en-US
https://gedcom.io/terms/v7/month-JUN	month/standard/month-JUN.yaml	en-US
https://gedcom.io/terms/v7/month-KSL	month/standard/month-KSL.yaml	en-US
https://gedcom.io/terms/v7/month-MAR	month/standard/month-MAR.yaml	en-US
https://gedcom.io/terms/v7/month-MAY	month/standard/month-MAY.yaml	en-US
https://gedcom.io/terms/v7/month-MESS	month/standard/month-MESS.yaml	en-US
https://gedcom.io/terms/v7/month-NIVO	month/standard/month-NIVO.yaml	en-US
https://gedcom.io/terms/v7/month-NOV	month/standard/month-NOV.yaml	en-US
https://gedcom.io/terms/v7/month-NSN	month/standard/month-NSN.yaml	en-US
https://gedcom.io/terms/v7/month-OCT	month/standard/month-OCT.yaml	en-US
https://gedcom.io/terms/v7/month-PLUV	month/standard/month-PLUV.yaml	en-US
https://gedcom.io/terms/v7/month-PRAI	month/standard/month-PRAI.yaml	en-US
https://gedcom.io/terms/v7/month-SEP	month/standard/month-SEP.yaml	en-US
https://gedcom.io/terms/v7/month-SHV	month/standard/month-SHV.yaml	en-US
https://gedcom.io/terms/v7/month-SVN	month/standard/month-SVN.yaml	en-US
https://gedcom.io/terms/v7/month-THER	month/standard/month-THER.yaml	en-US
https://gedcom.io/terms/v7/month-TMZ	month/standard/month-TMZ.yaml	en-US
https://gedcom.io/terms/v7/month-TSH	month/standard/month-TSH.yaml	en-US
https://gedcom.io/terms/v7/month-TVT	month/standard/month-TVT.yaml	en-US
https://gedcom.io/terms/v7/month-VEND	month/standard/month-VEND.yaml	en-US
https://gedcom.io/terms/v7/month-VENT	month/standard/month-VENT.yaml	en-US
https://gedcom.io/terms/v7/ord-STAT	structure/standard/ord-STAT.yaml	en-US
https://gedcom.io/terms/v7/record-FAM	structure/standard/record-FAM.yaml	en-US
https://gedcom.io/terms/v7/record-INDI	structure/standard/record-INDI.yaml	en-US
https://gedcom.io/terms/v7/record-OBJE	structure/standard/record-OBJE.yaml	en-US
https://gedcom.io/terms/v7/record-REPO	structure/standard/record-REPO.yaml	en-US
https://gedcom.io/terms/v7/record-SNOTE	structure/standard/record-SNOTE.yaml	en-US
https://gedcom.io/terms/v7/record-SOUR	structure/standard/record-SOUR.yaml	en-US
https://gedcom.io/terms/v7/record-SUBM	structure/standard/record-SUBM.yaml	en-US
https://gedcom.io/terms/v7/type-Age	data-type/standard/type-Age.yaml	en-US
https://gedcom.io/terms/v7/type-Date	data-type/standard/type-Date.yaml	en-US
https://gedcom.io/terms/v7/type-Date#exact	data-type/standard/type-Date-exact.yaml	en-US
https://gedcom.io/terms/v7/type-Date#period	data-type/standard/type-Date-period.yaml	en-US
https://gedcom.io/terms/v7/type-Enum	data-type/standard/type-Enum.yaml	en-US
https://gedcom.io/terms/v7/type-FilePath	data-type/standard/type-FilePath.yaml	en-US
https://gedcom.io/terms/v7/type-Latitude	data-type/standard/type-Latitude.yaml	en-US
https://gedcom.io/terms/v7/type-List	data-type/standard/type-List.yaml	en-US
https://gedcom.io/terms/v7/type-List#Enum	data-type/standard/type-List-Enum.yaml	en-US
https://gedcom.io/terms/v7/type-List#Text	data-type/standard/type-List-Text.yaml	en-US
https://gedcom.io/terms/v7/type-Longitude	data-type/standard/type-Longitude.yaml	en-US
https://gedcom.io/terms/v7/type-Name	data-type/standard/type-Name.yaml	en-US
https://gedcom.io/terms/v7/type-TagDef	data-type/standard/type-TagDef.yaml	en-US
https://gedcom.io/terms/v7/type-Time	data-type/standard/type-Time.yaml	en-US
https://github.com/dthaler/gedcom-citations/_DATE	structure/extension/_DATE.yaml	en-US
https://github.com/dthaler/gedcom-citations/_SOUR	structure/extension/_SOUR.yaml	en-US
https://gov.genealogy.net/	uri/exid-types/GOV-ID.yaml	en-US
https://www.billiongraves.com/cemetery/name/	uri/exid-types/BillionGraves-CemeteryId.yaml	en-US
https://www.billiongraves.com/grave/name/	uri/exid-types/BillionGraves-GraveId.yaml	en-US
https://www.findagrave.com/cemetery/	uri/exid-types/FindAGrave-CemeteryId.yaml	en-US
https://www.findagrave.com/memorial/	uri/exid-types/FindAGrave-MemorialId.yaml	en-US
https://www.wikitree.com/wiki/	uri/exid-types/WikiTree-PersonId.yaml	en-US
